{
  "study_info": {
    "study_name": "Reduced-Layer Architecture Study",
    "completion_time": "2025-09-13T09:01:19.635376",
    "total_time_minutes": 16.756992888450622,
    "successful_experiments": 4,
    "configuration": {
      "input_dir": "./dataset_preprocessed",
      "output_dir": "reduced_layer_study",
      "epochs": 40,
      "patience": 12,
      "learning_rate": 0.0003,
      "base_batch_size": 128,
      "seed": 42,
      "base_num_workers": 4,
      "data_percentage": 50,
      "mixed_precision": true,
      "track_gradients": false
    }
  },
  "experimental_results": [
    {
      "model_name": "ReducedBaseline_Deep",
      "experiment_id": 2,
      "architecture_info": {
        "depth": 8,
        "original_depth": 12,
        "has_skip_connections": false,
        "reduction_factor": 0.67,
        "parameters": 1887041
      },
      "training_performance": {
        "epochs_completed": 38,
        "best_val_loss": 2447077.125,
        "training_minutes": 7.1785285154978435,
        "final_train_loss": 3155232.0416666665,
        "convergence_epoch": 26
      },
      "training_history": {
        "train_losses": [
          3771958.625,
          3969850.875,
          3560761.0208333335,
          3740742.2083333335,
          3784690.7916666665,
          3630095.7083333335,
          3721068.5833333335,
          3829198.6666666665,
          3880810.4583333335,
          3605314.5416666665,
          3694823.5,
          3522566.1666666665,
          3513179.9583333335,
          3682815.0416666665,
          3565284.8333333335,
          3510382.0416666665,
          3457207.2083333335,
          3374202.0416666665,
          3417922.9583333335,
          3481009.6666666665,
          3511506.875,
          3496634.9166666665,
          3264200.4166666665,
          3440256.3333333335,
          3217147.6666666665,
          3229929.2083333335,
          3223426.375,
          3233482.625,
          3078272.2083333335,
          3294478.625,
          3253241.9583333335,
          3280529.0416666665,
          3123423.625,
          3183839.125,
          3088984.875,
          3065268.0,
          2974491.0833333335,
          3155232.0416666665
        ],
        "val_losses": [
          4865549.75,
          4054301.75,
          4721520.5,
          4888283.75,
          3388927.125,
          3669634.625,
          4891846.25,
          4345680.875,
          3343300.875,
          5344562.25,
          3702070.625,
          2870950.8125,
          3423084.25,
          3657510.75,
          4190629.0,
          2969214.625,
          3895004.75,
          3198101.875,
          3424986.625,
          2847322.9375,
          4377601.0,
          3647425.625,
          4038119.625,
          3129416.75,
          2832400.625,
          2447077.125,
          3218117.375,
          2786152.5625,
          3936376.75,
          3165089.0,
          2529602.0,
          3870273.75,
          2595520.875,
          3179482.125,
          2762712.25,
          2722345.0,
          2489740.0625,
          2679171.625
        ],
        "learning_rates": [
          0.00029953760005996916,
          0.00029815325108927063,
          0.0002958554880596515,
          0.00029265847744427303,
          0.000288581929876693,
          0.0002836509786282552,
          0.00027789602465311383,
          0.0002713525491562421,
          0.00026406089484000466,
          0.0002560660171779821,
          0.0002474172072495276,
          0.000238167787843871,
          0.00022837478470739232,
          0.000218098574960932,
          0.00020740251485476348,
          0.00019635254915624213,
          0.00018501680457838585,
          0.00017346516975603465,
          0.00016176886435917675,
          0.00015,
          0.00013823113564082325,
          0.00012653483024396538,
          0.00011498319542161417,
          0.00010364745084375787,
          9.259748514523652e-05,
          8.190142503906796e-05,
          7.162521529260765e-05,
          6.183221215612902e-05,
          5.258279275047245e-05,
          4.393398282201786e-05,
          3.5939105159995345e-05,
          2.8647450843757884e-05,
          2.210397534688616e-05,
          1.6349021371744823e-05,
          1.1418070123306984e-05,
          7.3415225557269666e-06,
          4.144511940348515e-06,
          1.8467489107293504e-06
        ]
      }
    },
    {
      "model_name": "ReducedResNet_Shallow",
      "experiment_id": 3,
      "architecture_info": {
        "depth": 3,
        "original_depth": 4,
        "has_skip_connections": true,
        "reduction_factor": 0.75,
        "parameters": 1249217
      },
      "training_performance": {
        "epochs_completed": 32,
        "best_val_loss": 3001682.25,
        "training_minutes": 3.0899478157361346,
        "final_train_loss": 3471684.25,
        "convergence_epoch": 20
      },
      "training_history": {
        "train_losses": [
          3694413.9583333335,
          3907490.625,
          3810601.0833333335,
          3734264.9166666665,
          3698598.8333333335,
          3758831.7083333335,
          3837174.25,
          3745414.2083333335,
          3614182.0833333335,
          3788942.9166666665,
          3813220.2916666665,
          3735699.4583333335,
          3808808.7083333335,
          3542584.8125,
          3931796.7916666665,
          3768953.4583333335,
          3742535.8333333335,
          3770425.0416666665,
          3682049.8333333335,
          3745374.7083333335,
          3638173.375,
          3624151.0416666665,
          3728518.75,
          3575516.6666666665,
          3520996.3333333335,
          3721239.2083333335,
          3529399.1666666665,
          3686301.7083333335,
          3703531.0416666665,
          3435402.8958333335,
          3556944.125,
          3471684.25
        ],
        "val_losses": [
          4809686.125,
          4210689.5,
          3242243.875,
          4057190.5,
          3986380.25,
          4100075.25,
          3413809.5,
          4040354.5,
          4169439.75,
          4187149.25,
          3272519.125,
          3876220.125,
          4298012.25,
          3209067.625,
          4300894.125,
          3830843.375,
          4065978.625,
          3540494.125,
          3121240.9375,
          3001682.25,
          3978401.875,
          3099401.8125,
          3761350.75,
          3826583.25,
          3539818.625,
          4323130.375,
          3346955.125,
          3429999.125,
          3206116.875,
          3759407.125,
          5125213.125,
          3429319.5
        ],
        "learning_rates": [
          0.00029953760005996916,
          0.00029815325108927063,
          0.0002958554880596515,
          0.00029265847744427303,
          0.000288581929876693,
          0.0002836509786282552,
          0.00027789602465311383,
          0.0002713525491562421,
          0.00026406089484000466,
          0.0002560660171779821,
          0.0002474172072495276,
          0.000238167787843871,
          0.00022837478470739232,
          0.000218098574960932,
          0.00020740251485476348,
          0.00019635254915624213,
          0.00018501680457838585,
          0.00017346516975603465,
          0.00016176886435917675,
          0.00015,
          0.00013823113564082325,
          0.00012653483024396538,
          0.00011498319542161417,
          0.00010364745084375787,
          9.259748514523652e-05,
          8.190142503906796e-05,
          7.162521529260765e-05,
          6.183221215612902e-05,
          5.258279275047245e-05,
          4.393398282201786e-05,
          3.5939105159995345e-05,
          2.8647450843757884e-05
        ]
      }
    },
    {
      "model_name": "ReducedResNet_Deep",
      "experiment_id": 4,
      "architecture_info": {
        "depth": 8,
        "original_depth": 12,
        "has_skip_connections": true,
        "reduction_factor": 0.67,